[
    {
      "id": 1,
      "title": "Your First AI Assist",
      "description": "You're asked to write a personal intro paragraph for class. You use an AI assistant to generate something that sounds just like you—but didn’t come from you.",
      "choices": [
        { "text": "Submit the AI version", "badge": "Strategist" },
        { "text": "Rewrite it yourself using it as inspiration", "badge": "Humanist" },
        { "text": "Turn in both versions and ask for feedback", "badge": "Catalyst" }
      ]
    },
    {
      "id": 2,
      "title": "AI Study Sprint",
      "description": "You use an AI tool to auto-summarize science chapters into flashcards. You’re tempted to skip reading the textbook altogether.",
      "choices": [
        { "text": "Rely fully on the AI summaries", "badge": "Strategist" },
        { "text": "Use them to reinforce your own notes", "badge": "The Drift" },
        { "text": "Share them with friends and shift how the class studies", "badge": "Catalyst" }
      ]
    },
    {
      "id": 3,
      "title": "Generative Graphics Fail",
      "description": "For a history presentation, you use an AI image tool. One of the images it creates is wildly inaccurate and borderline offensive.",
      "choices": [
        { "text": "Submit it as-is", "badge": "Phantom" },
        { "text": "Replace it quietly", "badge": "Humanist" },
        { "text": "Use it as a teachable moment on AI hallucinations", "badge": "Architect" }
      ]
    },
    {
      "id": 4,
      "title": "AI Meme Caption Generator",
      "description": "You use AI to generate hilarious memes using classmates’ photos. One hits too hard.",
      "choices": [
        { "text": "Post it—it’s funny", "badge": "Catalyst" },
        { "text": "Tweak it to be lighter", "badge": "Visionary" },
        { "text": "Delete it and stop using the tool that way", "badge": "Dissenter" }
      ]
    },
    {
      "id": 5,
      "title": "AI Side Hustle",
      "description": "You use an AI website builder for a club page. Someone offers to pay you to make one for them too.",
      "choices": [
        { "text": "Build it for them using AI, no disclosure", "badge": "Phantom" },
        { "text": "Tell them it’s AI-assisted", "badge": "Strategist" },
        { "text": "Decline—it feels dishonest to sell AI-generated work", "badge": "Dissenter" }
      ]
    },
    {
      "id": 6,
      "title": "Autofill Avalanche",
      "description": "While writing a history paper, your AI assistant starts suggesting entire paragraphs—with some made-up sources included.",
      "choices": [
        { "text": "Submit them", "badge": "Phantom" },
        { "text": "Verify and rephrase", "badge": "Architect" },
        { "text": "Turn off autofill and write manually", "badge": "Dissenter" }
      ]
    },
    {
      "id": 7,
      "title": "Synthetic Speech Club",
      "description": "For a speech competition, you use an AI tone optimizer that mimics your voice for practicing. The final draft sounds better than you ever could deliver alone.",
      "choices": [
        { "text": "Use the AI-enhanced version", "badge": "Strategist" },
        { "text": "Rewrite for authenticity", "badge": "Humanist" },
        { "text": "Present your original speech", "badge": "Dissenter" }
      ]
    },
    {
      "id": 8,
      "title": "AI at Home: Rewrite or Relearn?",
      "description": "You use AI to instantly solve coding problems in a self-paced online course. You could finish the whole thing this way.",
      "choices": [
        { "text": "Use it to complete the course", "badge": "Phantom" },
        { "text": "Only use it after trying first", "badge": "The Drift" },
        { "text": "Stop using it and slow down to learn properly", "badge": "Visionary" }
      ]
    },
    {
      "id": 9,
      "title": "AI Confession Generator",
      "description": "You run the school confession page and use AI to generate fake (but funny) submissions.",
      "choices": [
        { "text": "Keep doing it—no one knows", "badge": "Catalyst" },
        { "text": "Disclose some are fake", "badge": "Architect" },
        { "text": "Stop and let it run naturally", "badge": "Dissenter" }
      ]
    },
    {
      "id": 10,
      "title": "AI Presentation Assist",
      "description": "Your group uses AI to build and narrate your science presentation. You’re not sure whether to present it yourselves or let the AI do all the talking.",
      "choices": [
        { "text": "Use AI for everything", "badge": "Strategist" },
        { "text": "Only for visuals", "badge": "Catalyst" },
        { "text": "Present manually and use AI as backup", "badge": "The Drift" }
      ]
    },
    {
      "id": 11,
      "title": "Prompt Racing",
      "description": "You're in a Discord where people try to break AI models with chaotic prompts—some start pushing offensive or unsafe content boundaries.",
      "choices": [
        { "text": "Join in", "badge": "Catalyst" },
        { "text": "Stay but redirect prompts toward creativity", "badge": "Architect" },
        { "text": "Leave entirely", "badge": "Dissenter" }
      ]
    },
    {
      "id": 12,
      "title": "AI Side Hustle 2.0: Ghost Editor",
      "description": "You're editing blog posts for money and secretly using AI. Your client publicly credits you as a skilled writer.",
      "choices": [
        { "text": "Accept the praise and keep going", "badge": "Phantom" },
        { "text": "Disclose the AI usage", "badge": "Visionary" },
        { "text": "Refuse credit and stop ghostwriting", "badge": "Humanist" }
      ]
    },
    {
      "id": 13,
      "title": "AI Morning Announcements",
      "description": "You use voice cloning to fake announcements in your principal’s voice. It spirals into a school-wide myth.",
      "choices": [
        { "text": "Keep it going and escalate the prank", "badge": "Catalyst" },
        { "text": "Reveal it as a satire project", "badge": "Visionary" },
        { "text": "Quietly shut it down", "badge": "Architect" }
      ]
    },
    {
      "id": 14,
      "title": "Voice Replica for Hire",
      "description": "You build a custom voice-cloning tool. Someone asks you to create a model of their voice to say anything, without restrictions.",
      "choices": [
        { "text": "Deliver it as requested", "badge": "Phantom" },
        { "text": "Add restrictions or watermarking", "badge": "The Drift" },
        { "text": "Refuse unless intent is clearly ethical", "badge": "Humanist" }
      ]
    },
    {
      "id": 15,
      "title": "The AI Caption Engine",
      "description": "You run the school’s social media and use an AI caption generator that increases engagement. The account is up for an award—but no one knows it’s mostly AI-written.",
      "choices": [
        { "text": "Keep using it secretly", "badge": "Phantom" },
        { "text": "Edit AI outputs manually", "badge": "Humanist" },
        { "text": "Disclose your use of AI and let the group decide", "badge": "The Drift" }
      ]
    },
    {
      "id": 16,
      "title": "AI Bunker Survival Game",
      "description": "You create a survival game where AI decides who lives in a fictional bunker. You use real classmates’ traits to drive the plot. It gets way too personal.",
      "choices": [
        { "text": "Keep it going", "badge": "Catalyst" },
        { "text": "Anonymize and let people opt in", "badge": "Humanist" },
        { "text": "Shut it down", "badge": "Architect" }
      ]
    },
    {
      "id": 17,
      "title": "Freelancer’s Dilemma",
      "description": "You're writing AI tutorials for a tech blog. The editor asks you to let the AI write them all for speed. Readers will never know.",
      "choices": [
        { "text": "Accept and let AI do the work", "badge": "Phantom" },
        { "text": "Decline to avoid misleading readers", "badge": "Visionary" },
        { "text": "Accept with full disclosure in the byline", "badge": "Architect" }
      ]
    },
    {
      "id": 18,
      "title": "Reputation Scorer",
      "description": "You build an AI that ranks students based on behavior, labeling them things like ‘Tryhard,’ ‘Clout Farmer,’ or ‘Fake Nice.’ Some classmates love it. Some fear it.",
      "choices": [
        { "text": "Keep ranking students behind the scenes", "badge": "Phantom" },
        { "text": "Delete it entirely", "badge": "Strategist" },
        { "text": "Anonymize and release it as a 'mirror' tool", "badge": "Dissenter" }
      ]
    },
    {
      "id": 19,
      "title": "The AI Co-Author Rule",
      "description": "You're required to disclose all AI usage in a final paper. You’ve already drafted most of it with AI help.",
      "choices": [
        { "text": "Submit the AI version with vague disclosure", "badge": "Phantom" },
        { "text": "Rework and clarify where AI was used", "badge": "Architect" },
        { "text": "Start over and submit your own writing", "badge": "Dissenter" }
      ]
    },
    {
      "id": 20,
      "title": "The Launch Plan",
      "description": "You've just graduated. You're planning your next move—college, freelancing, or a startup—and you’re staring at a blank doc titled 'What’s Next.' AI is open beside it.",
      "choices": [
        { "text": "Let AI generate your full plan", "badge": "Strategist" },
        { "text": "Use AI to brainstorm, but write it yourself", "badge": "Visionary" },
        { "text": "Write your plan entirely on your own", "badge": "Dissenter" }
      ]
    }
  ]
  